,mean_error_guess_norm,sd_error_guess_norm,mean_error_guess,sd_error_guess,mean_likelihood_guess,sd_likelihood_guess,mean_error_optim_norm,sd_error_optim_norm,mean_error_optim,sd_error_optim,mean_likelihood_optim,sd_likelihood_optim,true_likelihood,mean_improved,sd_improved,c
0,3.9371718000094704,0.1401628348266313,-1.8824665738152802,3.124989014732683,-5318.627059776661,172.63143129654304,3.9765821766033644,0.17665544351525722,-2.612883433901889,3.598655132976231,-5318.584502217446,172.84057963702486,-5276.332308807774,52.4,13.994284547628721,0.25
1,4.147904866907273,0.2002992052973867,-4.964961497403939,2.5910615877088206,-12259.801268829027,92.34103855640414,4.147452702873045,0.2003814044061818,-5.039223472911911,2.421367743302303,-12259.730696935283,92.38030562683981,-12276.176437697917,51.6,12.43543324536785,0.5
2,3.9889107434846367,0.22638248928325905,5.1125286997628185,2.337010281909263,-16345.063515953365,126.11541712236101,3.9899899347012124,0.23657492532262323,4.841184622187294,2.6526263115154953,-16343.518110574552,125.40739172123781,-16388.322843318652,56.7,8.295179322956194,0.75
3,3.932664029354421,0.19512890059497737,-3.393928107472643,2.6911491084251122,-19263.269675662767,140.70481125148956,4.08622621800173,0.3084744276133307,-4.402698187108491,2.647084560336557,-19283.15007209991,166.61136827471498,-19170.394204028733,57.9,8.117265549432272,1.0
4,4.016146315669021,0.18110175661017025,1.5313387916578727,3.467041780239816,-23938.49936259926,191.47298120130375,4.428118039129342,0.577287397408549,0.7074797538343678,3.5679186498315674,-24054.34906869238,282.75120742564735,-23400.47415352545,52.4,5.834380858325929,1.5
5,4.079352724471952,0.19291113925447717,2.4233745143225076,3.080456513345346,-26778.94387590263,233.02661679381367,4.32413612946512,0.32873953639510267,2.405659280697355,3.6920547900785636,-26850.369894630487,229.88732521665932,-26251.91233228906,52.8,4.237924020083418,2.0
