N,mean_runtime,sd_runtime,mean_log_runtime,sd_log_runtime
5,4.683109254837036,0.1893510382735093,1.5431179052560144,1.5431179052560144
6,6.7878408622741695,0.12962057124247495,1.9149527021128518,1.9149527021128518
7,9.506052837371826,0.20011205063026175,2.2517127180416945,2.2517127180416945
8,13.82300585746765,0.3193273066805033,2.62607498215136,2.62607498215136
9,17.736649599075317,0.14408936744036016,2.8756001242571783,2.8756001242571783
10,24.318740482330323,0.7147409429802192,3.1908285715841007,3.1908285715841007
11,31.421055841445924,0.2121661049312945,3.4474555311097577,3.4474555311097577
12,41.86435415267945,0.24880754826380086,3.7344170610363148,3.7344170610363148
